Workbook

Sheet P2P Procurement Data
A1: Procure-to-Pay (P2P) Procurement Data — ABC Manufacturing Ltd
A3: Vendor | B3: Material | C3: Quantity | D3: Unit Price (₹) | E3: Total Amount (₹) | F3: Month
A4: ABC Suppliers | B4: Steel Rod | C4: 100 | D4: 500 | E4: =C4*D4 -> 50000 | F4: Jan
A5: XYZ Metals | B5: Steel Rod | C5: 80 | D5: 520 | E5: =C5*D5 -> 41600 | F5: Feb
A6: ABC Suppliers | B6: Steel Rod | C6: 120 | D6: 490 | E6: =C6*D6 -> 58800 | F6: Mar
A7: PQR Traders | B7: Steel Rod | C7: 60 | D7: 510 | E7: =C7*D7 -> 30600 | F7: Apr
A8: XYZ Metals | B8: Copper Wire | C8: 50 | D8: 800 | E8: =C8*D8 -> 40000 | F8: Apr
A9: ABC Suppliers | B9: Iron Sheet | C9: 90 | D9: 650 | E9: =C9*D9 -> 58500 | F9: Mar
A10: PQR Traders | B10: Copper Wire | C10: 70 | D10: 820 | E10: =C10*D10 -> 57400 | F10: Feb
A11: ABC Suppliers | B11: Iron Sheet | C11: 110 | D11: 640 | E11: =C11*D11 -> 70400 | F11: Jan
A12: TOTAL | C12: =SUM(C4:C11) -> 680 | D12: =AVERAGE(D4:D11) -> 616.25 | E12: =SUM(E4:E11) -> 407300

Sheet Vendor Analysis
A1: Vendor-wise Procurement Analysis — ABC Manufacturing Ltd
A3: Vendor | B3: Total Procurement (₹) | C3: Contribution % | D3: Avg Unit Price (₹) | E3: No. of Orders
A4: ABC Suppliers | B4: =SUMIF('P2P Procurement Data'!A4:A11,A4,'P2P Procurement Data'!E4:E11) -> 237700 | C4: =B4/SUM($B$4:$B$6)*100 -> 58.359931 | D4: =AVERAGEIF('P2P Procurement Data'!A4:A11,A4,'P2P Procurement Data'!D4:D11) -> 570 | E4: =COUNTIF('P2P Procurement Data'!A4:A11,A4) -> 4
A5: XYZ Metals | B5: =SUMIF('P2P Procurement Data'!A4:A11,A5,'P2P Procurement Data'!E4:E11) -> 81600 | C5: =B5/SUM($B$4:$B$6)*100 -> 20.034373 | D5: =AVERAGEIF('P2P Procurement Data'!A4:A11,A5,'P2P Procurement Data'!D4:D11) -> 660 | E5: =COUNTIF('P2P Procurement Data'!A4:A11,A5) -> 2
A6: PQR Traders | B6: =SUMIF('P2P Procurement Data'!A4:A11,A6,'P2P Procurement Data'!E4:E11) -> 88000 | C6: =B6/SUM($B$4:$B$6)*100 -> 21.605696 | D6: =AVERAGEIF('P2P Procurement Data'!A4:A11,A6,'P2P Procurement Data'!D4:D11) -> 665 | E6: =COUNTIF('P2P Procurement Data'!A4:A11,A6) -> 2
A7: TOTAL | B7: =SUM(B4:B6) -> 407300 | C7: 100.0% | E7: =SUM(E4:E6) -> 8
A9: Procurement Pivot Summary
A10: Vendor | B10: Sum of Total (₹) | C10: % of Grand Total
A11: ABC Suppliers | B11: =SUMIF('P2P Procurement Data'!A4:A11,A11,'P2P Procurement Data'!E4:E11) -> 237700 | C11: =B11/SUM($B$11:$B$13)*100 -> 58.359931
A12: XYZ Metals | B12: =SUMIF('P2P Procurement Data'!A4:A11,A12,'P2P Procurement Data'!E4:E11) -> 81600 | C12: =B12/SUM($B$11:$B$13)*100 -> 20.034373
A13: PQR Traders | B13: =SUMIF('P2P Procurement Data'!A4:A11,A13,'P2P Procurement Data'!E4:E11) -> 88000 | C13: =B13/SUM($B$11:$B$13)*100 -> 21.605696
A14: Grand Total | B14: =SUM(B11:B13) -> 407300 | C14: 100.0%

Sheet Monthly Trend
A1: Monthly Procurement Trend — ABC Manufacturing Ltd
A3: Month | B3: Total Spending (₹) | C3: No. of Orders | D3: Avg Order Value (₹)
A4: Jan | B4: =SUMIF('P2P Procurement Data'!F4:F11,A4,'P2P Procurement Data'!E4:E11) -> 120400 | C4: =COUNTIF('P2P Procurement Data'!F4:F11,A4) -> 2 | D4: =IF(C4>0,B4/C4,0) -> 60200
A5: Feb | B5: =SUMIF('P2P Procurement Data'!F4:F11,A5,'P2P Procurement Data'!E4:E11) -> 99000 | C5: =COUNTIF('P2P Procurement Data'!F4:F11,A5) -> 2 | D5: =IF(C5>0,B5/C5,0) -> 49500
A6: Mar | B6: =SUMIF('P2P Procurement Data'!F4:F11,A6,'P2P Procurement Data'!E4:E11) -> 117300 | C6: =COUNTIF('P2P Procurement Data'!F4:F11,A6) -> 2 | D6: =IF(C6>0,B6/C6,0) -> 58650
A7: Apr | B7: =SUMIF('P2P Procurement Data'!F4:F11,A7,'P2P Procurement Data'!E4:E11) -> 70600 | C7: =COUNTIF('P2P Procurement Data'!F4:F11,A7) -> 2 | D7: =IF(C7>0,B7/C7,0) -> 35300
A8: TOTAL | B8: =SUM(B4:B7) -> 407300 | C8: =SUM(C4:C7) -> 8

Sheet Material-wise Analysis
A1: Material-wise Procurement Analysis — ABC Manufacturing Ltd
A3: Material | B3: Total Spend (₹) | C3: Total Qty | D3: Avg Unit Price (₹) | E3: No. of Orders
A4: Steel Rod | B4: =SUMIF('P2P Procurement Data'!B4:B11,A4,'P2P Procurement Data'!E4:E11) -> 181000 | C4: =SUMIF('P2P Procurement Data'!B4:B11,A4,'P2P Procurement Data'!C4:C11) -> 360 | D4: =AVERAGEIF('P2P Procurement Data'!B4:B11,A4,'P2P Procurement Data'!D4:D11) -> 505 | E4: =COUNTIF('P2P Procurement Data'!B4:B11,A4) -> 4
A5: Copper Wire | B5: =SUMIF('P2P Procurement Data'!B4:B11,A5,'P2P Procurement Data'!E4:E11) -> 97400 | C5: =SUMIF('P2P Procurement Data'!B4:B11,A5,'P2P Procurement Data'!C4:C11) -> 120 | D5: =AVERAGEIF('P2P Procurement Data'!B4:B11,A5,'P2P Procurement Data'!D4:D11) -> 810 | E5: =COUNTIF('P2P Procurement Data'!B4:B11,A5) -> 2
A6: Iron Sheet | B6: =SUMIF('P2P Procurement Data'!B4:B11,A6,'P2P Procurement Data'!E4:E11) -> 128900 | C6: =SUMIF('P2P Procurement Data'!B4:B11,A6,'P2P Procurement Data'!C4:C11) -> 200 | D6: =AVERAGEIF('P2P Procurement Data'!B4:B11,A6,'P2P Procurement Data'!D4:D11) -> 645 | E6: =COUNTIF('P2P Procurement Data'!B4:B11,A6) -> 2
A7: TOTAL | B7: =SUM(B4:B6) -> 407300 | C7: =SUM(C4:C6) -> 680 | E7: =SUM(E4:E6) -> 8
